{
    "parameters": {
        "two_tone_delta": 110,
        "resequencing_cost": 10000
    },
    "constraints": [
        {
            "max_vehicles": 3,
            "cost": 7000,
            "id": 1,
            "window_size": 4,
            "vehicles": [
                2,
                5,
                10,
                15,
                16,
                17,
                19,
                20,
                21,
                22,
                26,
                28,
                54,
                58,
                68,
                85,
                94,
                95,
                111,
                112,
                115,
                126,
                127,
                140,
                141,
                146,
                151,
                176,
                183,
                190,
                192,
                205,
                216,
                232,
                234,
                237,
                242,
                244,
                254,
                263,
                272,
                279,
                288,
                306,
                312,
                331,
                334,
                340,
                352,
                363,
                405,
                406,
                407,
                410,
                411,
                412,
                414,
                426,
                427,
                435,
                441,
                445,
                458,
                461,
                465,
                491,
                492,
                511
            ],
            "type": "rolling_window",
            "shop": "assembly"
        },
        {
            "max_vehicles": 21,
            "cost": 4000,
            "id": 2,
            "window_size": 52,
            "vehicles": [
                4,
                13,
                24,
                45,
                55,
                89,
                90,
                93,
                101,
                114,
                144,
                155,
                169,
                179,
                182,
                184,
                185,
                191,
                193,
                196,
                198,
                207,
                209,
                218,
                225,
                238,
                247,
                255,
                258,
                275,
                276,
                286,
                296,
                299,
                301,
                304,
                317,
                321,
                322,
                325,
                345,
                350,
                353,
                361,
                364,
                385,
                393,
                395,
                402,
                418,
                421,
                443,
                447,
                456,
                466,
                472,
                495,
                508
            ],
            "type": "rolling_window",
            "shop": "assembly"
        },
        {
            "max_vehicles": 1,
            "cost": 5000,
            "id": 3,
            "window_size": 2,
            "vehicles": [
                15,
                24,
                45,
                54,
                90,
                95,
                101,
                111,
                126,
                141,
                146,
                169,
                176,
                184,
                192,
                196,
                205,
                209,
                218,
                225,
                242,
                299,
                306,
                321,
                325,
                334,
                361,
                385,
                395,
                406,
                412,
                421,
                427,
                441,
                492
            ],
            "type": "rolling_window",
            "shop": "assembly"
        },
        {
            "max_vehicles": 1,
            "cost": 2000,
            "id": 5,
            "window_size": 5,
            "vehicles": [
                216,
                405,
                445,
                461
            ],
            "type": "rolling_window",
            "shop": "paint"
        },
        {
            "max_vehicles": 1,
            "cost": 5000,
            "id": 8,
            "window_size": 4,
            "vehicles": [
                4,
                10,
                13,
                16,
                19,
                20,
                21,
                24,
                26,
                89,
                101,
                112,
                169,
                182,
                184,
                185,
                196,
                207,
                209,
                216,
                218,
                225,
                254,
                255,
                275,
                299,
                304,
                321,
                322,
                325,
                340,
                350,
                352,
                361,
                363,
                395,
                405,
                418,
                426,
                441,
                445,
                461,
                472,
                491,
                492,
                495
            ],
            "type": "rolling_window",
            "shop": "assembly"
        },
        {
            "max_vehicles": 2,
            "cost": 4000,
            "id": 9,
            "window_size": 5,
            "vehicles": [
                4,
                13,
                24,
                45,
                55,
                89,
                90,
                93,
                101,
                114,
                144,
                155,
                169,
                179,
                182,
                184,
                185,
                191,
                193,
                196,
                198,
                207,
                209,
                218,
                225,
                238,
                247,
                255,
                258,
                275,
                276,
                286,
                296,
                299,
                301,
                304,
                317,
                321,
                322,
                325,
                345,
                350,
                353,
                361,
                364,
                385,
                393,
                395,
                402,
                418,
                421,
                443,
                447,
                456,
                466,
                472,
                495,
                508
            ],
            "type": "rolling_window",
            "shop": "assembly"
        },
        {
            "max_vehicles": 1,
            "cost": 5000,
            "id": 10,
            "window_size": 3,
            "vehicles": [
                45,
                90,
                385,
                421
            ],
            "type": "rolling_window",
            "shop": "assembly"
        },
        {
            "max_vehicles": 1,
            "cost": 10000,
            "id": 11,
            "window_size": 3,
            "vehicles": [
                1,
                3,
                6,
                7,
                8,
                9,
                11,
                12,
                14,
                18,
                23,
                25,
                27,
                29,
                30,
                31,
                32,
                33,
                34,
                35,
                36,
                37,
                38,
                39,
                40,
                41,
                42,
                43,
                44,
                46,
                47,
                48,
                49,
                50,
                51,
                52,
                53,
                56,
                57,
                59,
                60,
                61,
                62,
                63,
                64,
                65,
                66,
                67,
                69,
                70,
                71,
                72,
                73,
                74,
                75,
                76,
                77,
                78,
                79,
                80,
                81,
                82,
                83,
                84,
                86,
                87,
                88,
                91,
                92,
                96,
                97,
                98,
                99,
                100,
                102,
                103,
                104,
                105,
                106,
                107,
                108,
                109,
                110,
                113,
                116,
                117,
                118,
                119,
                120,
                121,
                122,
                123,
                124,
                125,
                128,
                129,
                130,
                131,
                132,
                133,
                134,
                135,
                136,
                137,
                138,
                139,
                142,
                143,
                145,
                147,
                148,
                149,
                150,
                152,
                153,
                154,
                156,
                157,
                158,
                159,
                160,
                161,
                162,
                163,
                164,
                165,
                166,
                167,
                168,
                170,
                171,
                172,
                173,
                174,
                175,
                177,
                178,
                180,
                181,
                186,
                187,
                188,
                189,
                194,
                195,
                197,
                199,
                200,
                201,
                202,
                203,
                204,
                206,
                208,
                210,
                211,
                212,
                213,
                214,
                215,
                217,
                219,
                220,
                221,
                222,
                223,
                224,
                226,
                227,
                228,
                229,
                230,
                231,
                233,
                235,
                236,
                239,
                240,
                241,
                243,
                245,
                246,
                248,
                249,
                250,
                251,
                252,
                253,
                256,
                257,
                259,
                260,
                261,
                262,
                264,
                265,
                266,
                267,
                268,
                269,
                270,
                271,
                273,
                274,
                277,
                278,
                280,
                281,
                282,
                283,
                284,
                285,
                287,
                289,
                290,
                291,
                292,
                293,
                294,
                295,
                297,
                298,
                300,
                302,
                303,
                305,
                307,
                308,
                309,
                310,
                311,
                313,
                314,
                315,
                316,
                318,
                319,
                320,
                323,
                324,
                326,
                327,
                328,
                329,
                330,
                332,
                333,
                335,
                336,
                337,
                338,
                339,
                341,
                342,
                343,
                344,
                346,
                347,
                348,
                349,
                351,
                354,
                355,
                356,
                357,
                358,
                359,
                360,
                362,
                365,
                366,
                367,
                368,
                369,
                370,
                371,
                372,
                373,
                374,
                375,
                376,
                377,
                378,
                379,
                380,
                381,
                382,
                383,
                384,
                386,
                387,
                388,
                389,
                390,
                391,
                392,
                394,
                396,
                397,
                398,
                399,
                400,
                401,
                403,
                404,
                408,
                409,
                413,
                415,
                416,
                417,
                419,
                420,
                422,
                423,
                424,
                425,
                428,
                429,
                430,
                431,
                432,
                433,
                434,
                436,
                437,
                438,
                439,
                440,
                442,
                444,
                446,
                448,
                449,
                450,
                451,
                452,
                453,
                454,
                455,
                457,
                459,
                460,
                462,
                463,
                464,
                467,
                468,
                469,
                470,
                471,
                473,
                474,
                475,
                476,
                477,
                478,
                479,
                480,
                481,
                482,
                483,
                484,
                485,
                486,
                487,
                488,
                489,
                490,
                493,
                494,
                496,
                497,
                498,
                499,
                500,
                501,
                502,
                503,
                504,
                505,
                506,
                507,
                509,
                510,
                512,
                513,
                514
            ],
            "type": "rolling_window",
            "shop": "assembly"
        },
        {
            "cost": 2000,
            "partition": [
                [
                    1,
                    4,
                    13,
                    24,
                    89,
                    101,
                    169,
                    182,
                    184,
                    185,
                    196,
                    207,
                    209,
                    218,
                    225,
                    255,
                    275,
                    299,
                    304,
                    321,
                    322,
                    325,
                    350,
                    361,
                    395,
                    418,
                    472,
                    495,
                    512,
                    513,
                    514
                ],
                [
                    2,
                    5,
                    10,
                    15,
                    16,
                    17,
                    19,
                    20,
                    21,
                    22,
                    26,
                    28,
                    54,
                    58,
                    68,
                    85,
                    94,
                    95,
                    111,
                    112,
                    115,
                    126,
                    127,
                    140,
                    141,
                    146,
                    151,
                    176,
                    183,
                    190,
                    192,
                    205,
                    216,
                    232,
                    234,
                    237,
                    242,
                    244,
                    254,
                    263,
                    272,
                    279,
                    288,
                    306,
                    312,
                    331,
                    334,
                    340,
                    352,
                    363,
                    405,
                    406,
                    407,
                    410,
                    411,
                    412,
                    414,
                    426,
                    427,
                    435,
                    441,
                    445,
                    458,
                    461,
                    465,
                    491,
                    492,
                    511
                ],
                [
                    3,
                    6,
                    7,
                    8,
                    9,
                    11,
                    12,
                    14,
                    18,
                    23,
                    25,
                    27,
                    29,
                    30,
                    31,
                    32,
                    33,
                    34,
                    35,
                    36,
                    37,
                    38,
                    39,
                    40,
                    41,
                    42,
                    43,
                    44,
                    45,
                    46,
                    47,
                    48,
                    49,
                    50,
                    51,
                    52,
                    53,
                    55,
                    56,
                    57,
                    59,
                    60,
                    61,
                    62,
                    63,
                    64,
                    65,
                    66,
                    67,
                    69,
                    70,
                    71,
                    72,
                    73,
                    74,
                    75,
                    76,
                    77,
                    78,
                    79,
                    80,
                    81,
                    82,
                    83,
                    84,
                    86,
                    87,
                    88,
                    90,
                    91,
                    92,
                    93,
                    96,
                    97,
                    98,
                    99,
                    100,
                    102,
                    103,
                    104,
                    105,
                    106,
                    107,
                    108,
                    109,
                    110,
                    113,
                    114,
                    116,
                    117,
                    118,
                    119,
                    120,
                    121,
                    122,
                    123,
                    124,
                    125,
                    128,
                    129,
                    130,
                    131,
                    132,
                    133,
                    134,
                    135,
                    136,
                    137,
                    138,
                    139,
                    142,
                    143,
                    144,
                    145,
                    147,
                    148,
                    149,
                    150,
                    152,
                    153,
                    154,
                    155,
                    156,
                    157,
                    158,
                    159,
                    160,
                    161,
                    162,
                    163,
                    164,
                    165,
                    166,
                    167,
                    168,
                    170,
                    171,
                    172,
                    173,
                    174,
                    175,
                    177,
                    178,
                    179,
                    180,
                    181,
                    186,
                    187,
                    188,
                    189,
                    191,
                    193,
                    194,
                    195,
                    197,
                    198,
                    199,
                    200,
                    201,
                    202,
                    203,
                    204,
                    206,
                    208,
                    210,
                    211,
                    212,
                    213,
                    214,
                    215,
                    217,
                    219,
                    220,
                    221,
                    222,
                    223,
                    224,
                    226,
                    227,
                    228,
                    229,
                    230,
                    231,
                    233,
                    235,
                    236,
                    238,
                    239,
                    240,
                    241,
                    243,
                    245,
                    246,
                    247,
                    248,
                    249,
                    250,
                    251,
                    252,
                    253,
                    256,
                    257,
                    258,
                    259,
                    260,
                    261,
                    262,
                    264,
                    265,
                    266,
                    267,
                    268,
                    269,
                    270,
                    271,
                    273,
                    274,
                    276,
                    277,
                    278,
                    280,
                    281,
                    282,
                    283,
                    284,
                    285,
                    286,
                    287,
                    289,
                    290,
                    291,
                    292,
                    293,
                    294,
                    295,
                    296,
                    297,
                    298,
                    300,
                    301,
                    302,
                    303,
                    305,
                    307,
                    308,
                    309,
                    310,
                    311,
                    313,
                    314,
                    315,
                    316,
                    317,
                    318,
                    319,
                    320,
                    323,
                    324,
                    326,
                    327,
                    328,
                    329,
                    330,
                    332,
                    333,
                    335,
                    336,
                    337,
                    338,
                    339,
                    341,
                    342,
                    343,
                    344,
                    345,
                    346,
                    347,
                    348,
                    349,
                    351,
                    353,
                    354,
                    355,
                    356,
                    357,
                    358,
                    359,
                    360,
                    362,
                    364,
                    365,
                    366,
                    367,
                    368,
                    369,
                    370,
                    371,
                    372,
                    373,
                    374,
                    375,
                    376,
                    377,
                    378,
                    379,
                    380,
                    381,
                    382,
                    383,
                    384,
                    385,
                    386,
                    387,
                    388,
                    389,
                    390,
                    391,
                    392,
                    393,
                    394,
                    396,
                    397,
                    398,
                    399,
                    400,
                    401,
                    402,
                    403,
                    404,
                    408,
                    409,
                    413,
                    415,
                    416,
                    417,
                    419,
                    420,
                    421,
                    422,
                    423,
                    424,
                    425,
                    428,
                    429,
                    430,
                    431,
                    432,
                    433,
                    434,
                    436,
                    437,
                    438,
                    439,
                    440,
                    442,
                    443,
                    444,
                    446,
                    447,
                    448,
                    449,
                    450,
                    451,
                    452,
                    453,
                    454,
                    455,
                    456,
                    457,
                    459,
                    460,
                    462,
                    463,
                    464,
                    466,
                    467,
                    468,
                    469,
                    470,
                    471,
                    473,
                    474,
                    475,
                    476,
                    477,
                    478,
                    479,
                    480,
                    481,
                    482,
                    483,
                    484,
                    485,
                    486,
                    487,
                    488,
                    489,
                    490,
                    493,
                    494,
                    496,
                    497,
                    498,
                    499,
                    500,
                    501,
                    502,
                    503,
                    504,
                    505,
                    506,
                    507,
                    508,
                    509,
                    510
                ]
            ],
            "id": 12,
            "type": "lot_change",
            "shop": "assembly"
        },
        {
            "cost": 3000,
            "partition": [
                [
                    31,
                    40,
                    70,
                    84,
                    111,
                    125,
                    141,
                    149,
                    150,
                    162,
                    186,
                    199,
                    206,
                    208,
                    227,
                    228,
                    231,
                    234,
                    250,
                    270,
                    314,
                    316,
                    327,
                    350,
                    359,
                    377,
                    389,
                    398,
                    411,
                    413,
                    452,
                    467,
                    478,
                    480
                ],
                [
                    2,
                    85,
                    89,
                    176,
                    185,
                    192,
                    232,
                    304,
                    410,
                    414,
                    435,
                    458
                ],
                [
                    3,
                    11,
                    44,
                    45,
                    46,
                    47,
                    61,
                    62,
                    71,
                    79,
                    103,
                    106,
                    109,
                    121,
                    124,
                    132,
                    136,
                    137,
                    158,
                    161,
                    163,
                    166,
                    194,
                    211,
                    213,
                    223,
                    239,
                    243,
                    245,
                    256,
                    262,
                    273,
                    283,
                    287,
                    305,
                    320,
                    333,
                    336,
                    365,
                    372,
                    378,
                    379,
                    382,
                    387,
                    390,
                    399,
                    400,
                    408,
                    423,
                    453,
                    462,
                    464,
                    470,
                    473,
                    476,
                    482,
                    487,
                    490,
                    492,
                    503,
                    512
                ],
                [
                    7,
                    49,
                    57,
                    63,
                    69,
                    74,
                    75,
                    78,
                    83,
                    113,
                    159,
                    167,
                    171,
                    195,
                    235,
                    285,
                    297,
                    298,
                    303,
                    355,
                    366,
                    367,
                    403,
                    424,
                    436,
                    444,
                    469
                ],
                [
                    1,
                    20,
                    21,
                    26,
                    36,
                    39,
                    41,
                    76,
                    82,
                    86,
                    88,
                    105,
                    116,
                    117,
                    133,
                    134,
                    139,
                    154,
                    165,
                    170,
                    173,
                    181,
                    219,
                    221,
                    222,
                    229,
                    233,
                    267,
                    274,
                    277,
                    282,
                    289,
                    295,
                    308,
                    311,
                    315,
                    323,
                    326,
                    328,
                    341,
                    348,
                    360,
                    363,
                    371,
                    381,
                    383,
                    388,
                    391,
                    394,
                    415,
                    426,
                    428,
                    433,
                    439,
                    448,
                    489,
                    497,
                    499,
                    505,
                    510,
                    514
                ],
                [
                    6,
                    8,
                    18,
                    23,
                    30,
                    37,
                    38,
                    43,
                    51,
                    53,
                    77,
                    81,
                    99,
                    107,
                    119,
                    135,
                    138,
                    142,
                    145,
                    147,
                    148,
                    153,
                    160,
                    172,
                    174,
                    189,
                    200,
                    201,
                    203,
                    204,
                    210,
                    212,
                    214,
                    220,
                    224,
                    230,
                    240,
                    252,
                    257,
                    259,
                    260,
                    261,
                    265,
                    268,
                    269,
                    278,
                    281,
                    284,
                    291,
                    307,
                    310,
                    313,
                    324,
                    332,
                    335,
                    337,
                    338,
                    354,
                    356,
                    358,
                    362,
                    369,
                    373,
                    374,
                    376,
                    397,
                    425,
                    429,
                    431,
                    432,
                    449,
                    454,
                    457,
                    460,
                    468,
                    471,
                    475,
                    477,
                    481,
                    483,
                    485,
                    486,
                    496,
                    498,
                    501,
                    504,
                    507,
                    509,
                    513
                ],
                [
                    4,
                    5,
                    9,
                    14,
                    17,
                    33,
                    34,
                    48,
                    56,
                    58,
                    59,
                    60,
                    64,
                    66,
                    73,
                    80,
                    91,
                    92,
                    94,
                    96,
                    97,
                    110,
                    115,
                    120,
                    123,
                    126,
                    127,
                    128,
                    130,
                    131,
                    143,
                    151,
                    152,
                    156,
                    157,
                    164,
                    168,
                    175,
                    180,
                    182,
                    183,
                    188,
                    190,
                    197,
                    207,
                    217,
                    236,
                    237,
                    241,
                    242,
                    244,
                    246,
                    248,
                    249,
                    266,
                    271,
                    275,
                    279,
                    290,
                    292,
                    294,
                    296,
                    302,
                    306,
                    309,
                    312,
                    317,
                    319,
                    331,
                    334,
                    339,
                    343,
                    344,
                    347,
                    349,
                    370,
                    380,
                    386,
                    392,
                    404,
                    407,
                    416,
                    417,
                    418,
                    419,
                    420,
                    422,
                    430,
                    437,
                    438,
                    440,
                    441,
                    442,
                    443,
                    446,
                    450,
                    451,
                    455,
                    456,
                    465,
                    472,
                    474,
                    479,
                    488,
                    493,
                    494,
                    500
                ],
                [
                    15,
                    27,
                    32,
                    52,
                    65,
                    87,
                    95,
                    118,
                    187,
                    251,
                    253,
                    288,
                    330,
                    375,
                    412,
                    459,
                    511
                ],
                [
                    24,
                    101,
                    196,
                    218,
                    225,
                    321,
                    385
                ],
                [
                    22,
                    28,
                    54,
                    68,
                    114,
                    140,
                    146,
                    191,
                    205,
                    238,
                    247,
                    263,
                    272,
                    286,
                    393,
                    402,
                    406,
                    427,
                    508
                ],
                [
                    216,
                    405,
                    445,
                    461
                ],
                [
                    12,
                    25,
                    29,
                    42,
                    50,
                    67,
                    98,
                    100,
                    102,
                    104,
                    108,
                    122,
                    177,
                    215,
                    264,
                    280,
                    300,
                    318,
                    329,
                    342,
                    346,
                    357,
                    368,
                    384,
                    396,
                    401,
                    409,
                    434,
                    463,
                    484,
                    502,
                    506
                ],
                [
                    13,
                    93,
                    144,
                    193,
                    198,
                    255,
                    258,
                    301,
                    345,
                    353,
                    447
                ],
                [
                    35,
                    72,
                    129,
                    178,
                    202,
                    226,
                    293,
                    351
                ],
                [
                    169,
                    179,
                    184,
                    209,
                    299,
                    325,
                    361,
                    395
                ],
                [
                    55,
                    155,
                    276,
                    322,
                    364,
                    466,
                    495
                ],
                [
                    10,
                    16,
                    19,
                    112,
                    254,
                    340,
                    352,
                    491
                ],
                [
                    90,
                    421
                ]
            ],
            "id": 14,
            "type": "lot_change",
            "shop": "paint"
        },
        {
            "max_vehicles": 34,
            "cost": 8000,
            "id": 15,
            "window_size": 52,
            "vehicles": [
                2,
                5,
                10,
                15,
                16,
                17,
                19,
                20,
                21,
                22,
                26,
                28,
                54,
                58,
                68,
                85,
                94,
                95,
                111,
                112,
                115,
                126,
                127,
                140,
                141,
                146,
                151,
                176,
                183,
                190,
                192,
                205,
                216,
                232,
                234,
                237,
                242,
                244,
                254,
                263,
                272,
                279,
                288,
                306,
                312,
                331,
                334,
                340,
                352,
                363,
                405,
                406,
                407,
                410,
                411,
                412,
                414,
                426,
                427,
                435,
                441,
                445,
                458,
                461,
                465,
                491,
                492,
                511
            ],
            "type": "rolling_window",
            "shop": "assembly"
        }
    ],
    "vehicles": [
        {
            "id": 1,
            "type": "two-tone"
        },
        {
            "id": 2,
            "type": "regular"
        },
        {
            "id": 3,
            "type": "two-tone"
        },
        {
            "id": 4,
            "type": "regular"
        },
        {
            "id": 5,
            "type": "regular"
        },
        {
            "id": 6,
            "type": "two-tone"
        },
        {
            "id": 7,
            "type": "two-tone"
        },
        {
            "id": 8,
            "type": "two-tone"
        },
        {
            "id": 9,
            "type": "regular"
        },
        {
            "id": 10,
            "type": "two-tone"
        },
        {
            "id": 11,
            "type": "two-tone"
        },
        {
            "id": 12,
            "type": "regular"
        },
        {
            "id": 15,
            "type": "regular"
        },
        {
            "id": 13,
            "type": "regular"
        },
        {
            "id": 14,
            "type": "regular"
        },
        {
            "id": 16,
            "type": "two-tone"
        },
        {
            "id": 17,
            "type": "regular"
        },
        {
            "id": 18,
            "type": "two-tone"
        },
        {
            "id": 19,
            "type": "two-tone"
        },
        {
            "id": 20,
            "type": "two-tone"
        },
        {
            "id": 21,
            "type": "two-tone"
        },
        {
            "id": 22,
            "type": "regular"
        },
        {
            "id": 23,
            "type": "two-tone"
        },
        {
            "id": 24,
            "type": "two-tone"
        },
        {
            "id": 25,
            "type": "regular"
        },
        {
            "id": 26,
            "type": "two-tone"
        },
        {
            "id": 27,
            "type": "regular"
        },
        {
            "id": 28,
            "type": "regular"
        },
        {
            "id": 29,
            "type": "regular"
        },
        {
            "id": 30,
            "type": "two-tone"
        },
        {
            "id": 31,
            "type": "regular"
        },
        {
            "id": 32,
            "type": "regular"
        },
        {
            "id": 33,
            "type": "regular"
        },
        {
            "id": 34,
            "type": "regular"
        },
        {
            "id": 35,
            "type": "regular"
        },
        {
            "id": 36,
            "type": "two-tone"
        },
        {
            "id": 37,
            "type": "two-tone"
        },
        {
            "id": 38,
            "type": "two-tone"
        },
        {
            "id": 39,
            "type": "two-tone"
        },
        {
            "id": 40,
            "type": "regular"
        },
        {
            "id": 41,
            "type": "two-tone"
        },
        {
            "id": 43,
            "type": "two-tone"
        },
        {
            "id": 42,
            "type": "regular"
        },
        {
            "id": 44,
            "type": "two-tone"
        },
        {
            "id": 45,
            "type": "two-tone"
        },
        {
            "id": 46,
            "type": "two-tone"
        },
        {
            "id": 47,
            "type": "two-tone"
        },
        {
            "id": 48,
            "type": "regular"
        },
        {
            "id": 49,
            "type": "two-tone"
        },
        {
            "id": 50,
            "type": "regular"
        },
        {
            "id": 51,
            "type": "two-tone"
        },
        {
            "id": 53,
            "type": "two-tone"
        },
        {
            "id": 52,
            "type": "regular"
        },
        {
            "id": 54,
            "type": "regular"
        },
        {
            "id": 55,
            "type": "regular"
        },
        {
            "id": 56,
            "type": "regular"
        },
        {
            "id": 57,
            "type": "two-tone"
        },
        {
            "id": 58,
            "type": "regular"
        },
        {
            "id": 59,
            "type": "regular"
        },
        {
            "id": 60,
            "type": "regular"
        },
        {
            "id": 61,
            "type": "two-tone"
        },
        {
            "id": 62,
            "type": "two-tone"
        },
        {
            "id": 63,
            "type": "two-tone"
        },
        {
            "id": 64,
            "type": "regular"
        },
        {
            "id": 65,
            "type": "regular"
        },
        {
            "id": 66,
            "type": "regular"
        },
        {
            "id": 67,
            "type": "regular"
        },
        {
            "id": 68,
            "type": "regular"
        },
        {
            "id": 69,
            "type": "two-tone"
        },
        {
            "id": 70,
            "type": "regular"
        },
        {
            "id": 71,
            "type": "two-tone"
        },
        {
            "id": 72,
            "type": "regular"
        },
        {
            "id": 73,
            "type": "regular"
        },
        {
            "id": 74,
            "type": "two-tone"
        },
        {
            "id": 75,
            "type": "two-tone"
        },
        {
            "id": 76,
            "type": "two-tone"
        },
        {
            "id": 78,
            "type": "two-tone"
        },
        {
            "id": 77,
            "type": "two-tone"
        },
        {
            "id": 79,
            "type": "two-tone"
        },
        {
            "id": 80,
            "type": "regular"
        },
        {
            "id": 81,
            "type": "two-tone"
        },
        {
            "id": 82,
            "type": "two-tone"
        },
        {
            "id": 83,
            "type": "two-tone"
        },
        {
            "id": 84,
            "type": "regular"
        },
        {
            "id": 85,
            "type": "regular"
        },
        {
            "id": 86,
            "type": "two-tone"
        },
        {
            "id": 87,
            "type": "regular"
        },
        {
            "id": 88,
            "type": "two-tone"
        },
        {
            "id": 89,
            "type": "regular"
        },
        {
            "id": 90,
            "type": "two-tone"
        },
        {
            "id": 91,
            "type": "regular"
        },
        {
            "id": 92,
            "type": "regular"
        },
        {
            "id": 93,
            "type": "regular"
        },
        {
            "id": 94,
            "type": "regular"
        },
        {
            "id": 95,
            "type": "regular"
        },
        {
            "id": 96,
            "type": "regular"
        },
        {
            "id": 97,
            "type": "regular"
        },
        {
            "id": 98,
            "type": "regular"
        },
        {
            "id": 99,
            "type": "two-tone"
        },
        {
            "id": 100,
            "type": "regular"
        },
        {
            "id": 101,
            "type": "two-tone"
        },
        {
            "id": 102,
            "type": "regular"
        },
        {
            "id": 103,
            "type": "two-tone"
        },
        {
            "id": 104,
            "type": "regular"
        },
        {
            "id": 105,
            "type": "two-tone"
        },
        {
            "id": 106,
            "type": "two-tone"
        },
        {
            "id": 107,
            "type": "two-tone"
        },
        {
            "id": 108,
            "type": "regular"
        },
        {
            "id": 109,
            "type": "two-tone"
        },
        {
            "id": 110,
            "type": "regular"
        },
        {
            "id": 111,
            "type": "regular"
        },
        {
            "id": 112,
            "type": "two-tone"
        },
        {
            "id": 113,
            "type": "two-tone"
        },
        {
            "id": 114,
            "type": "regular"
        },
        {
            "id": 115,
            "type": "regular"
        },
        {
            "id": 116,
            "type": "two-tone"
        },
        {
            "id": 117,
            "type": "two-tone"
        },
        {
            "id": 118,
            "type": "regular"
        },
        {
            "id": 119,
            "type": "two-tone"
        },
        {
            "id": 120,
            "type": "regular"
        },
        {
            "id": 121,
            "type": "two-tone"
        },
        {
            "id": 124,
            "type": "two-tone"
        },
        {
            "id": 123,
            "type": "regular"
        },
        {
            "id": 125,
            "type": "regular"
        },
        {
            "id": 122,
            "type": "regular"
        },
        {
            "id": 126,
            "type": "regular"
        },
        {
            "id": 127,
            "type": "regular"
        },
        {
            "id": 128,
            "type": "regular"
        },
        {
            "id": 129,
            "type": "regular"
        },
        {
            "id": 130,
            "type": "regular"
        },
        {
            "id": 131,
            "type": "regular"
        },
        {
            "id": 132,
            "type": "two-tone"
        },
        {
            "id": 133,
            "type": "two-tone"
        },
        {
            "id": 134,
            "type": "two-tone"
        },
        {
            "id": 135,
            "type": "two-tone"
        },
        {
            "id": 136,
            "type": "two-tone"
        },
        {
            "id": 137,
            "type": "two-tone"
        },
        {
            "id": 138,
            "type": "two-tone"
        },
        {
            "id": 140,
            "type": "regular"
        },
        {
            "id": 139,
            "type": "two-tone"
        },
        {
            "id": 141,
            "type": "regular"
        },
        {
            "id": 142,
            "type": "two-tone"
        },
        {
            "id": 146,
            "type": "regular"
        },
        {
            "id": 144,
            "type": "regular"
        },
        {
            "id": 145,
            "type": "two-tone"
        },
        {
            "id": 143,
            "type": "regular"
        },
        {
            "id": 147,
            "type": "two-tone"
        },
        {
            "id": 148,
            "type": "two-tone"
        },
        {
            "id": 149,
            "type": "regular"
        },
        {
            "id": 150,
            "type": "regular"
        },
        {
            "id": 151,
            "type": "regular"
        },
        {
            "id": 152,
            "type": "regular"
        },
        {
            "id": 153,
            "type": "two-tone"
        },
        {
            "id": 154,
            "type": "two-tone"
        },
        {
            "id": 155,
            "type": "regular"
        },
        {
            "id": 156,
            "type": "regular"
        },
        {
            "id": 157,
            "type": "regular"
        },
        {
            "id": 158,
            "type": "two-tone"
        },
        {
            "id": 159,
            "type": "two-tone"
        },
        {
            "id": 160,
            "type": "two-tone"
        },
        {
            "id": 161,
            "type": "two-tone"
        },
        {
            "id": 162,
            "type": "regular"
        },
        {
            "id": 163,
            "type": "two-tone"
        },
        {
            "id": 164,
            "type": "regular"
        },
        {
            "id": 165,
            "type": "two-tone"
        },
        {
            "id": 166,
            "type": "two-tone"
        },
        {
            "id": 167,
            "type": "two-tone"
        },
        {
            "id": 168,
            "type": "regular"
        },
        {
            "id": 169,
            "type": "two-tone"
        },
        {
            "id": 170,
            "type": "two-tone"
        },
        {
            "id": 171,
            "type": "two-tone"
        },
        {
            "id": 172,
            "type": "two-tone"
        },
        {
            "id": 173,
            "type": "two-tone"
        },
        {
            "id": 174,
            "type": "two-tone"
        },
        {
            "id": 175,
            "type": "regular"
        },
        {
            "id": 176,
            "type": "regular"
        },
        {
            "id": 177,
            "type": "regular"
        },
        {
            "id": 178,
            "type": "regular"
        },
        {
            "id": 179,
            "type": "two-tone"
        },
        {
            "id": 180,
            "type": "regular"
        },
        {
            "id": 181,
            "type": "two-tone"
        },
        {
            "id": 182,
            "type": "regular"
        },
        {
            "id": 183,
            "type": "regular"
        },
        {
            "id": 184,
            "type": "two-tone"
        },
        {
            "id": 185,
            "type": "regular"
        },
        {
            "id": 186,
            "type": "regular"
        },
        {
            "id": 187,
            "type": "regular"
        },
        {
            "id": 188,
            "type": "regular"
        },
        {
            "id": 189,
            "type": "two-tone"
        },
        {
            "id": 190,
            "type": "regular"
        },
        {
            "id": 191,
            "type": "regular"
        },
        {
            "id": 192,
            "type": "regular"
        },
        {
            "id": 193,
            "type": "regular"
        },
        {
            "id": 194,
            "type": "two-tone"
        },
        {
            "id": 195,
            "type": "two-tone"
        },
        {
            "id": 196,
            "type": "two-tone"
        },
        {
            "id": 197,
            "type": "regular"
        },
        {
            "id": 198,
            "type": "regular"
        },
        {
            "id": 199,
            "type": "regular"
        },
        {
            "id": 200,
            "type": "two-tone"
        },
        {
            "id": 201,
            "type": "two-tone"
        },
        {
            "id": 202,
            "type": "regular"
        },
        {
            "id": 203,
            "type": "two-tone"
        },
        {
            "id": 205,
            "type": "regular"
        },
        {
            "id": 204,
            "type": "two-tone"
        },
        {
            "id": 206,
            "type": "regular"
        },
        {
            "id": 207,
            "type": "regular"
        },
        {
            "id": 208,
            "type": "regular"
        },
        {
            "id": 209,
            "type": "two-tone"
        },
        {
            "id": 210,
            "type": "two-tone"
        },
        {
            "id": 211,
            "type": "two-tone"
        },
        {
            "id": 212,
            "type": "two-tone"
        },
        {
            "id": 213,
            "type": "two-tone"
        },
        {
            "id": 214,
            "type": "two-tone"
        },
        {
            "id": 215,
            "type": "regular"
        },
        {
            "id": 216,
            "type": "two-tone"
        },
        {
            "id": 217,
            "type": "regular"
        },
        {
            "id": 218,
            "type": "two-tone"
        },
        {
            "id": 219,
            "type": "two-tone"
        },
        {
            "id": 220,
            "type": "two-tone"
        },
        {
            "id": 221,
            "type": "two-tone"
        },
        {
            "id": 222,
            "type": "two-tone"
        },
        {
            "id": 223,
            "type": "two-tone"
        },
        {
            "id": 224,
            "type": "two-tone"
        },
        {
            "id": 225,
            "type": "two-tone"
        },
        {
            "id": 226,
            "type": "regular"
        },
        {
            "id": 227,
            "type": "regular"
        },
        {
            "id": 228,
            "type": "regular"
        },
        {
            "id": 229,
            "type": "two-tone"
        },
        {
            "id": 230,
            "type": "two-tone"
        },
        {
            "id": 231,
            "type": "regular"
        },
        {
            "id": 232,
            "type": "regular"
        },
        {
            "id": 233,
            "type": "two-tone"
        },
        {
            "id": 234,
            "type": "regular"
        },
        {
            "id": 235,
            "type": "two-tone"
        },
        {
            "id": 236,
            "type": "regular"
        },
        {
            "id": 237,
            "type": "regular"
        },
        {
            "id": 238,
            "type": "regular"
        },
        {
            "id": 239,
            "type": "two-tone"
        },
        {
            "id": 240,
            "type": "two-tone"
        },
        {
            "id": 241,
            "type": "regular"
        },
        {
            "id": 242,
            "type": "regular"
        },
        {
            "id": 243,
            "type": "two-tone"
        },
        {
            "id": 244,
            "type": "regular"
        },
        {
            "id": 245,
            "type": "two-tone"
        },
        {
            "id": 246,
            "type": "regular"
        },
        {
            "id": 247,
            "type": "regular"
        },
        {
            "id": 248,
            "type": "regular"
        },
        {
            "id": 249,
            "type": "regular"
        },
        {
            "id": 250,
            "type": "regular"
        },
        {
            "id": 251,
            "type": "regular"
        },
        {
            "id": 252,
            "type": "two-tone"
        },
        {
            "id": 253,
            "type": "regular"
        },
        {
            "id": 254,
            "type": "two-tone"
        },
        {
            "id": 255,
            "type": "regular"
        },
        {
            "id": 256,
            "type": "two-tone"
        },
        {
            "id": 257,
            "type": "two-tone"
        },
        {
            "id": 258,
            "type": "regular"
        },
        {
            "id": 259,
            "type": "two-tone"
        },
        {
            "id": 260,
            "type": "two-tone"
        },
        {
            "id": 261,
            "type": "two-tone"
        },
        {
            "id": 262,
            "type": "two-tone"
        },
        {
            "id": 263,
            "type": "regular"
        },
        {
            "id": 264,
            "type": "regular"
        },
        {
            "id": 265,
            "type": "two-tone"
        },
        {
            "id": 266,
            "type": "regular"
        },
        {
            "id": 267,
            "type": "two-tone"
        },
        {
            "id": 268,
            "type": "two-tone"
        },
        {
            "id": 269,
            "type": "two-tone"
        },
        {
            "id": 270,
            "type": "regular"
        },
        {
            "id": 271,
            "type": "regular"
        },
        {
            "id": 272,
            "type": "regular"
        },
        {
            "id": 273,
            "type": "two-tone"
        },
        {
            "id": 274,
            "type": "two-tone"
        },
        {
            "id": 275,
            "type": "regular"
        },
        {
            "id": 276,
            "type": "regular"
        },
        {
            "id": 277,
            "type": "two-tone"
        },
        {
            "id": 278,
            "type": "two-tone"
        },
        {
            "id": 279,
            "type": "regular"
        },
        {
            "id": 281,
            "type": "two-tone"
        },
        {
            "id": 280,
            "type": "regular"
        },
        {
            "id": 283,
            "type": "two-tone"
        },
        {
            "id": 282,
            "type": "two-tone"
        },
        {
            "id": 284,
            "type": "two-tone"
        },
        {
            "id": 285,
            "type": "two-tone"
        },
        {
            "id": 286,
            "type": "regular"
        },
        {
            "id": 287,
            "type": "two-tone"
        },
        {
            "id": 288,
            "type": "regular"
        },
        {
            "id": 289,
            "type": "two-tone"
        },
        {
            "id": 291,
            "type": "two-tone"
        },
        {
            "id": 290,
            "type": "regular"
        },
        {
            "id": 292,
            "type": "regular"
        },
        {
            "id": 293,
            "type": "regular"
        },
        {
            "id": 296,
            "type": "regular"
        },
        {
            "id": 295,
            "type": "two-tone"
        },
        {
            "id": 294,
            "type": "regular"
        },
        {
            "id": 297,
            "type": "two-tone"
        },
        {
            "id": 298,
            "type": "two-tone"
        },
        {
            "id": 299,
            "type": "two-tone"
        },
        {
            "id": 300,
            "type": "regular"
        },
        {
            "id": 301,
            "type": "regular"
        },
        {
            "id": 302,
            "type": "regular"
        },
        {
            "id": 303,
            "type": "two-tone"
        },
        {
            "id": 304,
            "type": "regular"
        },
        {
            "id": 305,
            "type": "two-tone"
        },
        {
            "id": 306,
            "type": "regular"
        },
        {
            "id": 307,
            "type": "two-tone"
        },
        {
            "id": 308,
            "type": "two-tone"
        },
        {
            "id": 309,
            "type": "regular"
        },
        {
            "id": 310,
            "type": "two-tone"
        },
        {
            "id": 311,
            "type": "two-tone"
        },
        {
            "id": 312,
            "type": "regular"
        },
        {
            "id": 313,
            "type": "two-tone"
        },
        {
            "id": 314,
            "type": "regular"
        },
        {
            "id": 315,
            "type": "two-tone"
        },
        {
            "id": 316,
            "type": "regular"
        },
        {
            "id": 317,
            "type": "regular"
        },
        {
            "id": 318,
            "type": "regular"
        },
        {
            "id": 319,
            "type": "regular"
        },
        {
            "id": 320,
            "type": "two-tone"
        },
        {
            "id": 321,
            "type": "two-tone"
        },
        {
            "id": 322,
            "type": "regular"
        },
        {
            "id": 323,
            "type": "two-tone"
        },
        {
            "id": 324,
            "type": "two-tone"
        },
        {
            "id": 325,
            "type": "two-tone"
        },
        {
            "id": 326,
            "type": "two-tone"
        },
        {
            "id": 327,
            "type": "regular"
        },
        {
            "id": 328,
            "type": "two-tone"
        },
        {
            "id": 330,
            "type": "regular"
        },
        {
            "id": 329,
            "type": "regular"
        },
        {
            "id": 331,
            "type": "regular"
        },
        {
            "id": 333,
            "type": "two-tone"
        },
        {
            "id": 332,
            "type": "two-tone"
        },
        {
            "id": 334,
            "type": "regular"
        },
        {
            "id": 335,
            "type": "two-tone"
        },
        {
            "id": 336,
            "type": "two-tone"
        },
        {
            "id": 337,
            "type": "two-tone"
        },
        {
            "id": 338,
            "type": "two-tone"
        },
        {
            "id": 339,
            "type": "regular"
        },
        {
            "id": 340,
            "type": "two-tone"
        },
        {
            "id": 341,
            "type": "two-tone"
        },
        {
            "id": 342,
            "type": "regular"
        },
        {
            "id": 343,
            "type": "regular"
        },
        {
            "id": 344,
            "type": "regular"
        },
        {
            "id": 345,
            "type": "regular"
        },
        {
            "id": 346,
            "type": "regular"
        },
        {
            "id": 347,
            "type": "regular"
        },
        {
            "id": 348,
            "type": "two-tone"
        },
        {
            "id": 349,
            "type": "regular"
        },
        {
            "id": 350,
            "type": "regular"
        },
        {
            "id": 351,
            "type": "regular"
        },
        {
            "id": 352,
            "type": "two-tone"
        },
        {
            "id": 353,
            "type": "regular"
        },
        {
            "id": 354,
            "type": "two-tone"
        },
        {
            "id": 355,
            "type": "two-tone"
        },
        {
            "id": 356,
            "type": "two-tone"
        },
        {
            "id": 357,
            "type": "regular"
        },
        {
            "id": 358,
            "type": "two-tone"
        },
        {
            "id": 359,
            "type": "regular"
        },
        {
            "id": 360,
            "type": "two-tone"
        },
        {
            "id": 361,
            "type": "two-tone"
        },
        {
            "id": 362,
            "type": "two-tone"
        },
        {
            "id": 363,
            "type": "two-tone"
        },
        {
            "id": 364,
            "type": "regular"
        },
        {
            "id": 365,
            "type": "two-tone"
        },
        {
            "id": 366,
            "type": "two-tone"
        },
        {
            "id": 367,
            "type": "two-tone"
        },
        {
            "id": 368,
            "type": "regular"
        },
        {
            "id": 369,
            "type": "two-tone"
        },
        {
            "id": 370,
            "type": "regular"
        },
        {
            "id": 371,
            "type": "two-tone"
        },
        {
            "id": 372,
            "type": "two-tone"
        },
        {
            "id": 373,
            "type": "two-tone"
        },
        {
            "id": 374,
            "type": "two-tone"
        },
        {
            "id": 375,
            "type": "regular"
        },
        {
            "id": 376,
            "type": "two-tone"
        },
        {
            "id": 377,
            "type": "regular"
        },
        {
            "id": 378,
            "type": "two-tone"
        },
        {
            "id": 379,
            "type": "two-tone"
        },
        {
            "id": 380,
            "type": "regular"
        },
        {
            "id": 381,
            "type": "two-tone"
        },
        {
            "id": 382,
            "type": "two-tone"
        },
        {
            "id": 383,
            "type": "two-tone"
        },
        {
            "id": 384,
            "type": "regular"
        },
        {
            "id": 385,
            "type": "two-tone"
        },
        {
            "id": 386,
            "type": "regular"
        },
        {
            "id": 387,
            "type": "two-tone"
        },
        {
            "id": 388,
            "type": "two-tone"
        },
        {
            "id": 389,
            "type": "regular"
        },
        {
            "id": 390,
            "type": "two-tone"
        },
        {
            "id": 391,
            "type": "two-tone"
        },
        {
            "id": 392,
            "type": "regular"
        },
        {
            "id": 393,
            "type": "regular"
        },
        {
            "id": 394,
            "type": "two-tone"
        },
        {
            "id": 395,
            "type": "two-tone"
        },
        {
            "id": 396,
            "type": "regular"
        },
        {
            "id": 397,
            "type": "two-tone"
        },
        {
            "id": 398,
            "type": "regular"
        },
        {
            "id": 399,
            "type": "two-tone"
        },
        {
            "id": 400,
            "type": "two-tone"
        },
        {
            "id": 401,
            "type": "regular"
        },
        {
            "id": 402,
            "type": "regular"
        },
        {
            "id": 403,
            "type": "two-tone"
        },
        {
            "id": 404,
            "type": "regular"
        },
        {
            "id": 405,
            "type": "two-tone"
        },
        {
            "id": 406,
            "type": "regular"
        },
        {
            "id": 407,
            "type": "regular"
        },
        {
            "id": 408,
            "type": "two-tone"
        },
        {
            "id": 409,
            "type": "regular"
        },
        {
            "id": 410,
            "type": "regular"
        },
        {
            "id": 411,
            "type": "regular"
        },
        {
            "id": 412,
            "type": "regular"
        },
        {
            "id": 413,
            "type": "regular"
        },
        {
            "id": 414,
            "type": "regular"
        },
        {
            "id": 415,
            "type": "two-tone"
        },
        {
            "id": 416,
            "type": "regular"
        },
        {
            "id": 417,
            "type": "regular"
        },
        {
            "id": 418,
            "type": "regular"
        },
        {
            "id": 419,
            "type": "regular"
        },
        {
            "id": 420,
            "type": "regular"
        },
        {
            "id": 421,
            "type": "two-tone"
        },
        {
            "id": 422,
            "type": "regular"
        },
        {
            "id": 423,
            "type": "two-tone"
        },
        {
            "id": 424,
            "type": "two-tone"
        },
        {
            "id": 425,
            "type": "two-tone"
        },
        {
            "id": 426,
            "type": "two-tone"
        },
        {
            "id": 427,
            "type": "regular"
        },
        {
            "id": 428,
            "type": "two-tone"
        },
        {
            "id": 429,
            "type": "two-tone"
        },
        {
            "id": 430,
            "type": "regular"
        },
        {
            "id": 431,
            "type": "two-tone"
        },
        {
            "id": 432,
            "type": "two-tone"
        },
        {
            "id": 433,
            "type": "two-tone"
        },
        {
            "id": 434,
            "type": "regular"
        },
        {
            "id": 435,
            "type": "regular"
        },
        {
            "id": 436,
            "type": "two-tone"
        },
        {
            "id": 437,
            "type": "regular"
        },
        {
            "id": 438,
            "type": "regular"
        },
        {
            "id": 439,
            "type": "two-tone"
        },
        {
            "id": 441,
            "type": "regular"
        },
        {
            "id": 440,
            "type": "regular"
        },
        {
            "id": 442,
            "type": "regular"
        },
        {
            "id": 443,
            "type": "regular"
        },
        {
            "id": 444,
            "type": "two-tone"
        },
        {
            "id": 445,
            "type": "two-tone"
        },
        {
            "id": 446,
            "type": "regular"
        },
        {
            "id": 447,
            "type": "regular"
        },
        {
            "id": 448,
            "type": "two-tone"
        },
        {
            "id": 449,
            "type": "two-tone"
        },
        {
            "id": 450,
            "type": "regular"
        },
        {
            "id": 451,
            "type": "regular"
        },
        {
            "id": 452,
            "type": "regular"
        },
        {
            "id": 453,
            "type": "two-tone"
        },
        {
            "id": 454,
            "type": "two-tone"
        },
        {
            "id": 455,
            "type": "regular"
        },
        {
            "id": 456,
            "type": "regular"
        },
        {
            "id": 457,
            "type": "two-tone"
        },
        {
            "id": 458,
            "type": "regular"
        },
        {
            "id": 459,
            "type": "regular"
        },
        {
            "id": 460,
            "type": "two-tone"
        },
        {
            "id": 461,
            "type": "two-tone"
        },
        {
            "id": 462,
            "type": "two-tone"
        },
        {
            "id": 463,
            "type": "regular"
        },
        {
            "id": 464,
            "type": "two-tone"
        },
        {
            "id": 465,
            "type": "regular"
        },
        {
            "id": 466,
            "type": "regular"
        },
        {
            "id": 467,
            "type": "regular"
        },
        {
            "id": 468,
            "type": "two-tone"
        },
        {
            "id": 469,
            "type": "two-tone"
        },
        {
            "id": 470,
            "type": "two-tone"
        },
        {
            "id": 473,
            "type": "two-tone"
        },
        {
            "id": 472,
            "type": "regular"
        },
        {
            "id": 471,
            "type": "two-tone"
        },
        {
            "id": 474,
            "type": "regular"
        },
        {
            "id": 475,
            "type": "two-tone"
        },
        {
            "id": 476,
            "type": "two-tone"
        },
        {
            "id": 477,
            "type": "two-tone"
        },
        {
            "id": 478,
            "type": "regular"
        },
        {
            "id": 479,
            "type": "regular"
        },
        {
            "id": 480,
            "type": "regular"
        },
        {
            "id": 481,
            "type": "two-tone"
        },
        {
            "id": 482,
            "type": "two-tone"
        },
        {
            "id": 483,
            "type": "two-tone"
        },
        {
            "id": 484,
            "type": "regular"
        },
        {
            "id": 485,
            "type": "two-tone"
        },
        {
            "id": 486,
            "type": "two-tone"
        },
        {
            "id": 487,
            "type": "two-tone"
        },
        {
            "id": 488,
            "type": "regular"
        },
        {
            "id": 489,
            "type": "two-tone"
        },
        {
            "id": 490,
            "type": "two-tone"
        },
        {
            "id": 491,
            "type": "two-tone"
        },
        {
            "id": 492,
            "type": "two-tone"
        },
        {
            "id": 493,
            "type": "regular"
        },
        {
            "id": 494,
            "type": "regular"
        },
        {
            "id": 495,
            "type": "regular"
        },
        {
            "id": 496,
            "type": "two-tone"
        },
        {
            "id": 497,
            "type": "two-tone"
        },
        {
            "id": 498,
            "type": "two-tone"
        },
        {
            "id": 499,
            "type": "two-tone"
        },
        {
            "id": 500,
            "type": "regular"
        },
        {
            "id": 501,
            "type": "two-tone"
        },
        {
            "id": 502,
            "type": "regular"
        },
        {
            "id": 503,
            "type": "two-tone"
        },
        {
            "id": 504,
            "type": "two-tone"
        },
        {
            "id": 505,
            "type": "two-tone"
        },
        {
            "id": 506,
            "type": "regular"
        },
        {
            "id": 507,
            "type": "two-tone"
        },
        {
            "id": 508,
            "type": "regular"
        },
        {
            "id": 509,
            "type": "two-tone"
        },
        {
            "id": 510,
            "type": "two-tone"
        },
        {
            "id": 511,
            "type": "regular"
        },
        {
            "id": 512,
            "type": "two-tone"
        },
        {
            "id": 513,
            "type": "two-tone"
        },
        {
            "id": 514,
            "type": "two-tone"
        }
    ],
    "shops": [
        {
            "name": "body",
            "resequencing_lag": 0
        },
        {
            "name": "paint",
            "resequencing_lag": 0
        },
        {
            "name": "assembly",
            "resequencing_lag": 10
        }
    ]
}