{
    "parameters": {
        "two_tone_delta": 55,
        "resequencing_cost": 10000
    },
    "constraints": [
        {
            "max_vehicles": 3,
            "cost": 4500,
            "id": 1,
            "window_size": 4,
            "vehicles": [
                6,
                8,
                17,
                18,
                21,
                22,
                23,
                25,
                30,
                34,
                36,
                44,
                62,
                63,
                67,
                71,
                80,
                89,
                103,
                122,
                143,
                147,
                152,
                173,
                175,
                176,
                179,
                197,
                198,
                201,
                204,
                206,
                220,
                253,
                256,
                259
            ],
            "type": "rolling_window",
            "shop": "assembly"
        },
        {
            "max_vehicles": 21,
            "cost": 4500,
            "id": 2,
            "window_size": 52,
            "vehicles": [
                5,
                7,
                20,
                40,
                53,
                55,
                58,
                82,
                88,
                90,
                91,
                94,
                99,
                105,
                106,
                107,
                109,
                131,
                148,
                163,
                168,
                169,
                207,
                210,
                231,
                241,
                246,
                250
            ],
            "type": "rolling_window",
            "shop": "assembly"
        },
        {
            "max_vehicles": 1,
            "cost": 5500,
            "id": 3,
            "window_size": 2,
            "vehicles": [
                6,
                21,
                40,
                53,
                55,
                63,
                67,
                71,
                89,
                94,
                109,
                122,
                169,
                204,
                246
            ],
            "type": "rolling_window",
            "shop": "assembly"
        },
        {
            "max_vehicles": 1,
            "cost": 3400,
            "id": 5,
            "window_size": 5,
            "vehicles": [
                147
            ],
            "type": "rolling_window",
            "shop": "paint"
        },
        {
            "max_vehicles": 999,
            "cost": 3500,
            "min_vehicles": 0,
            "id": 6,
            "vehicles": [
                40
            ],
            "type": "batch_size",
            "shop": "paint"
        },
        {
            "max_vehicles": 6,
            "cost": 2400,
            "min_vehicles": 0,
            "id": 7,
            "vehicles": [
                40
            ],
            "type": "batch_size",
            "shop": "paint"
        },
        {
            "max_vehicles": 1,
            "cost": 5200,
            "id": 8,
            "window_size": 4,
            "vehicles": [
                7,
                17,
                20,
                22,
                30,
                34,
                53,
                55,
                62,
                82,
                91,
                94,
                109,
                143,
                147,
                163,
                168,
                169,
                173,
                197,
                198,
                204,
                210,
                231,
                246
            ],
            "type": "rolling_window",
            "shop": "assembly"
        },
        {
            "max_vehicles": 2,
            "cost": 3800,
            "id": 9,
            "window_size": 5,
            "vehicles": [
                5,
                7,
                20,
                40,
                53,
                55,
                58,
                82,
                88,
                90,
                91,
                94,
                99,
                105,
                106,
                107,
                109,
                131,
                148,
                163,
                168,
                169,
                207,
                210,
                231,
                241,
                246,
                250
            ],
            "type": "rolling_window",
            "shop": "assembly"
        },
        {
            "max_vehicles": 1,
            "cost": 6500,
            "id": 10,
            "window_size": 3,
            "vehicles": [
                40
            ],
            "type": "rolling_window",
            "shop": "assembly"
        },
        {
            "max_vehicles": 1,
            "cost": 8400,
            "id": 11,
            "window_size": 3,
            "vehicles": [
                1,
                2,
                3,
                4,
                9,
                10,
                11,
                12,
                13,
                14,
                15,
                16,
                19,
                24,
                26,
                27,
                28,
                29,
                31,
                32,
                33,
                35,
                37,
                38,
                39,
                41,
                42,
                43,
                45,
                46,
                47,
                48,
                49,
                50,
                51,
                52,
                54,
                56,
                57,
                59,
                60,
                61,
                64,
                65,
                66,
                68,
                69,
                70,
                72,
                73,
                74,
                75,
                76,
                77,
                78,
                79,
                81,
                83,
                84,
                85,
                86,
                87,
                92,
                93,
                95,
                96,
                97,
                98,
                100,
                101,
                102,
                104,
                108,
                110,
                111,
                112,
                113,
                114,
                115,
                116,
                117,
                118,
                119,
                120,
                121,
                123,
                124,
                125,
                126,
                127,
                128,
                129,
                130,
                132,
                133,
                134,
                135,
                136,
                137,
                138,
                139,
                140,
                141,
                142,
                144,
                145,
                146,
                149,
                150,
                151,
                153,
                154,
                155,
                156,
                157,
                158,
                159,
                160,
                161,
                162,
                164,
                165,
                166,
                167,
                170,
                171,
                172,
                174,
                177,
                178,
                180,
                181,
                182,
                183,
                184,
                185,
                186,
                187,
                188,
                189,
                190,
                191,
                192,
                193,
                194,
                195,
                196,
                199,
                200,
                202,
                203,
                205,
                208,
                209,
                211,
                212,
                213,
                214,
                215,
                216,
                217,
                218,
                219,
                221,
                222,
                223,
                224,
                225,
                226,
                227,
                228,
                229,
                230,
                232,
                233,
                234,
                235,
                236,
                237,
                238,
                239,
                240,
                242,
                243,
                244,
                245,
                247,
                248,
                249,
                251,
                252,
                254,
                255,
                257,
                258
            ],
            "type": "rolling_window",
            "shop": "assembly"
        },
        {
            "cost": 3300,
            "partition": [
                [
                    1,
                    2,
                    3,
                    4,
                    5,
                    6,
                    7,
                    247,
                    248,
                    249,
                    250,
                    251,
                    252,
                    253,
                    254,
                    255,
                    256,
                    257,
                    258,
                    259,
                    17,
                    20,
                    22,
                    30,
                    34,
                    53,
                    55,
                    62,
                    82,
                    91,
                    94,
                    109,
                    143,
                    147,
                    163,
                    168,
                    169,
                    173,
                    197,
                    198,
                    204,
                    210,
                    231,
                    246
                ],
                [
                    8,
                    9,
                    10,
                    11,
                    12,
                    13,
                    14,
                    15,
                    16,
                    18,
                    19,
                    21,
                    23,
                    24,
                    25,
                    26,
                    27,
                    28,
                    29,
                    31,
                    32,
                    33,
                    35,
                    36,
                    37,
                    38,
                    39,
                    40,
                    41,
                    42,
                    43,
                    44,
                    45,
                    46,
                    47,
                    48,
                    49,
                    50,
                    51,
                    52,
                    54,
                    56,
                    57,
                    58,
                    59,
                    60,
                    61,
                    63,
                    64,
                    65,
                    66,
                    67,
                    68,
                    69,
                    70,
                    71,
                    72,
                    73,
                    74,
                    75,
                    76,
                    77,
                    78,
                    79,
                    80,
                    81,
                    83,
                    84,
                    85,
                    86,
                    87,
                    88,
                    89,
                    90,
                    92,
                    93,
                    95,
                    96,
                    97,
                    98,
                    99,
                    100,
                    101,
                    102,
                    103,
                    104,
                    105,
                    106,
                    107,
                    108,
                    110,
                    111,
                    112,
                    113,
                    114,
                    115,
                    116,
                    117,
                    118,
                    119,
                    120,
                    121,
                    122,
                    123,
                    124,
                    125,
                    126,
                    127,
                    128,
                    129,
                    130,
                    131,
                    132,
                    133,
                    134,
                    135,
                    136,
                    137,
                    138,
                    139,
                    140,
                    141,
                    142,
                    144,
                    145,
                    146,
                    148,
                    149,
                    150,
                    151,
                    152,
                    153,
                    154,
                    155,
                    156,
                    157,
                    158,
                    159,
                    160,
                    161,
                    162,
                    164,
                    165,
                    166,
                    167,
                    170,
                    171,
                    172,
                    174,
                    175,
                    176,
                    177,
                    178,
                    179,
                    180,
                    181,
                    182,
                    183,
                    184,
                    185,
                    186,
                    187,
                    188,
                    189,
                    190,
                    191,
                    192,
                    193,
                    194,
                    195,
                    196,
                    199,
                    200,
                    201,
                    202,
                    203,
                    205,
                    206,
                    207,
                    208,
                    209,
                    211,
                    212,
                    213,
                    214,
                    215,
                    216,
                    217,
                    218,
                    219,
                    220,
                    221,
                    222,
                    223,
                    224,
                    225,
                    226,
                    227,
                    228,
                    229,
                    230,
                    232,
                    233,
                    234,
                    235,
                    236,
                    237,
                    238,
                    239,
                    240,
                    241,
                    242,
                    243,
                    244,
                    245
                ]
            ],
            "id": 12,
            "type": "lot_change",
            "shop": "assembly"
        },
        {
            "cost": 3350,
            "partition": [
                [
                    1,
                    2,
                    3,
                    4,
                    5,
                    6,
                    8,
                    17,
                    18,
                    21,
                    22,
                    23,
                    25,
                    30,
                    34,
                    36,
                    44,
                    62,
                    63,
                    67,
                    71,
                    80,
                    89,
                    103,
                    122,
                    143,
                    147,
                    152,
                    173,
                    175,
                    176,
                    179,
                    197,
                    198,
                    201,
                    204,
                    206,
                    220,
                    253,
                    256,
                    259
                ],
                [
                    7,
                    9,
                    10,
                    11,
                    12,
                    13,
                    14,
                    15,
                    16,
                    19,
                    20,
                    24,
                    26,
                    27,
                    28,
                    29,
                    31,
                    32,
                    33,
                    35,
                    37,
                    38,
                    39,
                    40,
                    41,
                    42,
                    43,
                    45,
                    46,
                    47,
                    48,
                    49,
                    50,
                    51,
                    52,
                    53,
                    54,
                    55,
                    56,
                    57,
                    58,
                    59,
                    60,
                    61,
                    64,
                    65,
                    66,
                    68,
                    69,
                    70,
                    72,
                    73,
                    74,
                    75,
                    76,
                    77,
                    78,
                    79,
                    81,
                    82,
                    83,
                    84,
                    85,
                    86,
                    87,
                    88,
                    90,
                    91,
                    92,
                    93,
                    94,
                    95,
                    96,
                    97,
                    98,
                    99,
                    100,
                    101,
                    102,
                    104,
                    105,
                    106,
                    107,
                    108,
                    109,
                    110,
                    111,
                    112,
                    113,
                    114,
                    115,
                    116,
                    117,
                    118,
                    119,
                    120,
                    121,
                    123,
                    124,
                    125,
                    126,
                    127,
                    128,
                    129,
                    130,
                    131,
                    132,
                    133,
                    134,
                    135,
                    136,
                    137,
                    138,
                    139,
                    140,
                    141,
                    142,
                    144,
                    145,
                    146,
                    148,
                    149,
                    150,
                    151,
                    153,
                    154,
                    155,
                    156,
                    157,
                    158,
                    159,
                    160,
                    161,
                    162,
                    163,
                    164,
                    165,
                    166,
                    167,
                    168,
                    169,
                    170,
                    171,
                    172,
                    174,
                    177,
                    178,
                    180,
                    181,
                    182,
                    183,
                    184,
                    185,
                    186,
                    187,
                    188,
                    189,
                    190,
                    191,
                    192,
                    193,
                    194,
                    195,
                    196,
                    199,
                    200,
                    202,
                    203,
                    205,
                    207,
                    208,
                    209,
                    210,
                    211,
                    212,
                    213,
                    214,
                    215,
                    216,
                    217,
                    218,
                    219,
                    221,
                    222,
                    223,
                    224,
                    225,
                    226,
                    227,
                    228,
                    229,
                    230,
                    231,
                    232,
                    233,
                    234,
                    235,
                    236,
                    237,
                    238,
                    239,
                    240,
                    241,
                    242,
                    243,
                    244,
                    245,
                    246,
                    247,
                    248,
                    249,
                    250,
                    251,
                    252,
                    254,
                    255,
                    257,
                    258
                ]
            ],
            "id": 13,
            "type": "lot_change",
            "shop": "assembly"
        },
        {
            "cost": 3600,
            "partition": [
                [
                    10,
                    18,
                    56,
                    86,
                    125,
                    126,
                    129,
                    155,
                    171,
                    176,
                    181,
                    219,
                    248
                ],
                [
                    11,
                    15,
                    28,
                    45,
                    50,
                    51,
                    65,
                    76,
                    78,
                    93,
                    96,
                    97,
                    108,
                    117,
                    150,
                    164,
                    183,
                    184,
                    187,
                    191,
                    193,
                    203,
                    204,
                    214,
                    217,
                    221,
                    232,
                    233,
                    236,
                    242,
                    252,
                    258
                ],
                [
                    71,
                    91,
                    152,
                    163,
                    175
                ],
                [
                    37,
                    52,
                    77,
                    98,
                    130,
                    132,
                    139,
                    161,
                    177,
                    192,
                    200,
                    257
                ],
                [
                    1,
                    2,
                    24,
                    27,
                    34,
                    42,
                    49,
                    61,
                    62,
                    64,
                    66,
                    74,
                    83,
                    85,
                    111,
                    112,
                    137,
                    144,
                    146,
                    153,
                    158,
                    160,
                    166,
                    172,
                    173,
                    195,
                    208,
                    211,
                    213,
                    234,
                    237,
                    238,
                    243,
                    245,
                    254
                ],
                [
                    3,
                    9,
                    12,
                    14,
                    16,
                    19,
                    29,
                    38,
                    60,
                    68,
                    69,
                    73,
                    75,
                    84,
                    104,
                    114,
                    115,
                    116,
                    118,
                    119,
                    120,
                    121,
                    128,
                    133,
                    134,
                    136,
                    138,
                    142,
                    145,
                    159,
                    162,
                    165,
                    167,
                    170,
                    185,
                    188,
                    190,
                    199,
                    212,
                    218,
                    224,
                    226,
                    235,
                    239,
                    240,
                    244,
                    249,
                    251,
                    255
                ],
                [
                    4,
                    7,
                    8,
                    13,
                    23,
                    25,
                    31,
                    32,
                    33,
                    35,
                    39,
                    41,
                    46,
                    47,
                    48,
                    54,
                    59,
                    67,
                    70,
                    79,
                    80,
                    81,
                    82,
                    88,
                    99,
                    100,
                    101,
                    103,
                    110,
                    123,
                    127,
                    131,
                    141,
                    154,
                    156,
                    168,
                    178,
                    179,
                    180,
                    194,
                    201,
                    202,
                    205,
                    206,
                    216,
                    220,
                    222,
                    227,
                    229,
                    230
                ],
                [
                    21,
                    36,
                    43,
                    57,
                    87,
                    95,
                    102,
                    135,
                    157,
                    209,
                    225,
                    256
                ],
                [
                    94,
                    109
                ],
                [
                    6,
                    44,
                    63,
                    89,
                    105,
                    122,
                    207,
                    250,
                    253,
                    259
                ],
                [
                    147
                ],
                [
                    26,
                    72,
                    92,
                    113,
                    140,
                    149,
                    151,
                    174,
                    182,
                    186,
                    189,
                    196,
                    215,
                    228,
                    247
                ],
                [
                    5,
                    20,
                    58,
                    106,
                    107,
                    148,
                    231,
                    241
                ],
                [
                    53,
                    55,
                    169,
                    246
                ],
                [
                    124,
                    223
                ],
                [
                    90,
                    210
                ],
                [
                    17,
                    22,
                    30,
                    143,
                    197,
                    198
                ],
                [
                    40
                ]
            ],
            "id": 14,
            "type": "lot_change",
            "shop": "paint"
        },
        {
            "max_vehicles": 34,
            "cost": 4200,
            "id": 15,
            "window_size": 52,
            "vehicles": [
                6,
                8,
                17,
                18,
                21,
                22,
                23,
                25,
                30,
                34,
                36,
                44,
                62,
                63,
                67,
                71,
                80,
                89,
                103,
                122,
                143,
                147,
                152,
                173,
                175,
                176,
                179,
                197,
                198,
                201,
                204,
                206,
                220,
                253,
                256,
                259
            ],
            "type": "rolling_window",
            "shop": "assembly"
        }
    ],
    "vehicles": [
        {
            "id": 1,
            "type": "two-tone"
        },
        {
            "id": 2,
            "type": "two-tone"
        },
        {
            "id": 3,
            "type": "two-tone"
        },
        {
            "id": 6,
            "type": "regular"
        },
        {
            "id": 5,
            "type": "regular"
        },
        {
            "id": 4,
            "type": "regular"
        },
        {
            "id": 7,
            "type": "regular"
        },
        {
            "id": 8,
            "type": "regular"
        },
        {
            "id": 9,
            "type": "two-tone"
        },
        {
            "id": 10,
            "type": "regular"
        },
        {
            "id": 11,
            "type": "two-tone"
        },
        {
            "id": 12,
            "type": "two-tone"
        },
        {
            "id": 14,
            "type": "two-tone"
        },
        {
            "id": 13,
            "type": "regular"
        },
        {
            "id": 15,
            "type": "two-tone"
        },
        {
            "id": 16,
            "type": "two-tone"
        },
        {
            "id": 17,
            "type": "two-tone"
        },
        {
            "id": 18,
            "type": "regular"
        },
        {
            "id": 19,
            "type": "two-tone"
        },
        {
            "id": 21,
            "type": "regular"
        },
        {
            "id": 20,
            "type": "regular"
        },
        {
            "id": 22,
            "type": "two-tone"
        },
        {
            "id": 23,
            "type": "regular"
        },
        {
            "id": 24,
            "type": "two-tone"
        },
        {
            "id": 25,
            "type": "regular"
        },
        {
            "id": 26,
            "type": "regular"
        },
        {
            "id": 28,
            "type": "two-tone"
        },
        {
            "id": 27,
            "type": "two-tone"
        },
        {
            "id": 29,
            "type": "two-tone"
        },
        {
            "id": 30,
            "type": "two-tone"
        },
        {
            "id": 31,
            "type": "regular"
        },
        {
            "id": 32,
            "type": "regular"
        },
        {
            "id": 33,
            "type": "regular"
        },
        {
            "id": 34,
            "type": "two-tone"
        },
        {
            "id": 35,
            "type": "regular"
        },
        {
            "id": 36,
            "type": "regular"
        },
        {
            "id": 37,
            "type": "two-tone"
        },
        {
            "id": 38,
            "type": "two-tone"
        },
        {
            "id": 39,
            "type": "regular"
        },
        {
            "id": 40,
            "type": "two-tone"
        },
        {
            "id": 42,
            "type": "two-tone"
        },
        {
            "id": 41,
            "type": "regular"
        },
        {
            "id": 43,
            "type": "regular"
        },
        {
            "id": 44,
            "type": "regular"
        },
        {
            "id": 45,
            "type": "two-tone"
        },
        {
            "id": 46,
            "type": "regular"
        },
        {
            "id": 47,
            "type": "regular"
        },
        {
            "id": 48,
            "type": "regular"
        },
        {
            "id": 49,
            "type": "two-tone"
        },
        {
            "id": 50,
            "type": "two-tone"
        },
        {
            "id": 51,
            "type": "two-tone"
        },
        {
            "id": 52,
            "type": "two-tone"
        },
        {
            "id": 53,
            "type": "two-tone"
        },
        {
            "id": 54,
            "type": "regular"
        },
        {
            "id": 55,
            "type": "two-tone"
        },
        {
            "id": 56,
            "type": "regular"
        },
        {
            "id": 58,
            "type": "regular"
        },
        {
            "id": 59,
            "type": "regular"
        },
        {
            "id": 57,
            "type": "regular"
        },
        {
            "id": 60,
            "type": "two-tone"
        },
        {
            "id": 61,
            "type": "two-tone"
        },
        {
            "id": 62,
            "type": "two-tone"
        },
        {
            "id": 63,
            "type": "regular"
        },
        {
            "id": 64,
            "type": "two-tone"
        },
        {
            "id": 65,
            "type": "two-tone"
        },
        {
            "id": 66,
            "type": "two-tone"
        },
        {
            "id": 67,
            "type": "regular"
        },
        {
            "id": 68,
            "type": "two-tone"
        },
        {
            "id": 69,
            "type": "two-tone"
        },
        {
            "id": 70,
            "type": "regular"
        },
        {
            "id": 71,
            "type": "regular"
        },
        {
            "id": 73,
            "type": "two-tone"
        },
        {
            "id": 72,
            "type": "regular"
        },
        {
            "id": 74,
            "type": "two-tone"
        },
        {
            "id": 75,
            "type": "two-tone"
        },
        {
            "id": 76,
            "type": "two-tone"
        },
        {
            "id": 77,
            "type": "two-tone"
        },
        {
            "id": 78,
            "type": "two-tone"
        },
        {
            "id": 79,
            "type": "regular"
        },
        {
            "id": 80,
            "type": "regular"
        },
        {
            "id": 81,
            "type": "regular"
        },
        {
            "id": 82,
            "type": "regular"
        },
        {
            "id": 83,
            "type": "two-tone"
        },
        {
            "id": 85,
            "type": "two-tone"
        },
        {
            "id": 84,
            "type": "two-tone"
        },
        {
            "id": 86,
            "type": "regular"
        },
        {
            "id": 88,
            "type": "regular"
        },
        {
            "id": 87,
            "type": "regular"
        },
        {
            "id": 89,
            "type": "regular"
        },
        {
            "id": 90,
            "type": "regular"
        },
        {
            "id": 91,
            "type": "regular"
        },
        {
            "id": 92,
            "type": "regular"
        },
        {
            "id": 93,
            "type": "two-tone"
        },
        {
            "id": 94,
            "type": "two-tone"
        },
        {
            "id": 95,
            "type": "regular"
        },
        {
            "id": 96,
            "type": "two-tone"
        },
        {
            "id": 97,
            "type": "two-tone"
        },
        {
            "id": 98,
            "type": "two-tone"
        },
        {
            "id": 99,
            "type": "regular"
        },
        {
            "id": 100,
            "type": "regular"
        },
        {
            "id": 101,
            "type": "regular"
        },
        {
            "id": 102,
            "type": "regular"
        },
        {
            "id": 103,
            "type": "regular"
        },
        {
            "id": 104,
            "type": "two-tone"
        },
        {
            "id": 105,
            "type": "regular"
        },
        {
            "id": 106,
            "type": "regular"
        },
        {
            "id": 107,
            "type": "regular"
        },
        {
            "id": 108,
            "type": "two-tone"
        },
        {
            "id": 109,
            "type": "two-tone"
        },
        {
            "id": 110,
            "type": "regular"
        },
        {
            "id": 111,
            "type": "two-tone"
        },
        {
            "id": 112,
            "type": "two-tone"
        },
        {
            "id": 113,
            "type": "regular"
        },
        {
            "id": 114,
            "type": "two-tone"
        },
        {
            "id": 115,
            "type": "two-tone"
        },
        {
            "id": 117,
            "type": "two-tone"
        },
        {
            "id": 116,
            "type": "two-tone"
        },
        {
            "id": 118,
            "type": "two-tone"
        },
        {
            "id": 119,
            "type": "two-tone"
        },
        {
            "id": 120,
            "type": "two-tone"
        },
        {
            "id": 122,
            "type": "regular"
        },
        {
            "id": 121,
            "type": "two-tone"
        },
        {
            "id": 123,
            "type": "regular"
        },
        {
            "id": 124,
            "type": "regular"
        },
        {
            "id": 125,
            "type": "regular"
        },
        {
            "id": 126,
            "type": "regular"
        },
        {
            "id": 127,
            "type": "regular"
        },
        {
            "id": 128,
            "type": "two-tone"
        },
        {
            "id": 129,
            "type": "regular"
        },
        {
            "id": 130,
            "type": "two-tone"
        },
        {
            "id": 131,
            "type": "regular"
        },
        {
            "id": 132,
            "type": "two-tone"
        },
        {
            "id": 133,
            "type": "two-tone"
        },
        {
            "id": 134,
            "type": "two-tone"
        },
        {
            "id": 135,
            "type": "regular"
        },
        {
            "id": 136,
            "type": "two-tone"
        },
        {
            "id": 137,
            "type": "two-tone"
        },
        {
            "id": 139,
            "type": "two-tone"
        },
        {
            "id": 138,
            "type": "two-tone"
        },
        {
            "id": 140,
            "type": "regular"
        },
        {
            "id": 141,
            "type": "regular"
        },
        {
            "id": 142,
            "type": "two-tone"
        },
        {
            "id": 143,
            "type": "two-tone"
        },
        {
            "id": 144,
            "type": "two-tone"
        },
        {
            "id": 145,
            "type": "two-tone"
        },
        {
            "id": 146,
            "type": "two-tone"
        },
        {
            "id": 147,
            "type": "two-tone"
        },
        {
            "id": 148,
            "type": "regular"
        },
        {
            "id": 149,
            "type": "regular"
        },
        {
            "id": 150,
            "type": "two-tone"
        },
        {
            "id": 151,
            "type": "regular"
        },
        {
            "id": 152,
            "type": "regular"
        },
        {
            "id": 153,
            "type": "two-tone"
        },
        {
            "id": 154,
            "type": "regular"
        },
        {
            "id": 155,
            "type": "regular"
        },
        {
            "id": 156,
            "type": "regular"
        },
        {
            "id": 157,
            "type": "regular"
        },
        {
            "id": 158,
            "type": "two-tone"
        },
        {
            "id": 159,
            "type": "two-tone"
        },
        {
            "id": 160,
            "type": "two-tone"
        },
        {
            "id": 161,
            "type": "two-tone"
        },
        {
            "id": 162,
            "type": "two-tone"
        },
        {
            "id": 163,
            "type": "regular"
        },
        {
            "id": 164,
            "type": "two-tone"
        },
        {
            "id": 165,
            "type": "two-tone"
        },
        {
            "id": 166,
            "type": "two-tone"
        },
        {
            "id": 167,
            "type": "two-tone"
        },
        {
            "id": 168,
            "type": "regular"
        },
        {
            "id": 169,
            "type": "two-tone"
        },
        {
            "id": 170,
            "type": "two-tone"
        },
        {
            "id": 171,
            "type": "regular"
        },
        {
            "id": 172,
            "type": "two-tone"
        },
        {
            "id": 173,
            "type": "two-tone"
        },
        {
            "id": 174,
            "type": "regular"
        },
        {
            "id": 175,
            "type": "regular"
        },
        {
            "id": 176,
            "type": "regular"
        },
        {
            "id": 177,
            "type": "two-tone"
        },
        {
            "id": 178,
            "type": "regular"
        },
        {
            "id": 179,
            "type": "regular"
        },
        {
            "id": 180,
            "type": "regular"
        },
        {
            "id": 181,
            "type": "regular"
        },
        {
            "id": 182,
            "type": "regular"
        },
        {
            "id": 183,
            "type": "two-tone"
        },
        {
            "id": 184,
            "type": "two-tone"
        },
        {
            "id": 185,
            "type": "two-tone"
        },
        {
            "id": 186,
            "type": "regular"
        },
        {
            "id": 187,
            "type": "two-tone"
        },
        {
            "id": 188,
            "type": "two-tone"
        },
        {
            "id": 189,
            "type": "regular"
        },
        {
            "id": 191,
            "type": "two-tone"
        },
        {
            "id": 190,
            "type": "two-tone"
        },
        {
            "id": 192,
            "type": "two-tone"
        },
        {
            "id": 193,
            "type": "two-tone"
        },
        {
            "id": 194,
            "type": "regular"
        },
        {
            "id": 195,
            "type": "two-tone"
        },
        {
            "id": 196,
            "type": "regular"
        },
        {
            "id": 197,
            "type": "two-tone"
        },
        {
            "id": 198,
            "type": "two-tone"
        },
        {
            "id": 199,
            "type": "two-tone"
        },
        {
            "id": 200,
            "type": "two-tone"
        },
        {
            "id": 201,
            "type": "regular"
        },
        {
            "id": 202,
            "type": "regular"
        },
        {
            "id": 203,
            "type": "two-tone"
        },
        {
            "id": 204,
            "type": "two-tone"
        },
        {
            "id": 205,
            "type": "regular"
        },
        {
            "id": 206,
            "type": "regular"
        },
        {
            "id": 207,
            "type": "regular"
        },
        {
            "id": 208,
            "type": "two-tone"
        },
        {
            "id": 211,
            "type": "two-tone"
        },
        {
            "id": 210,
            "type": "regular"
        },
        {
            "id": 209,
            "type": "regular"
        },
        {
            "id": 213,
            "type": "two-tone"
        },
        {
            "id": 212,
            "type": "two-tone"
        },
        {
            "id": 214,
            "type": "two-tone"
        },
        {
            "id": 217,
            "type": "two-tone"
        },
        {
            "id": 218,
            "type": "two-tone"
        },
        {
            "id": 219,
            "type": "regular"
        },
        {
            "id": 216,
            "type": "regular"
        },
        {
            "id": 215,
            "type": "regular"
        },
        {
            "id": 220,
            "type": "regular"
        },
        {
            "id": 221,
            "type": "two-tone"
        },
        {
            "id": 222,
            "type": "regular"
        },
        {
            "id": 223,
            "type": "regular"
        },
        {
            "id": 224,
            "type": "two-tone"
        },
        {
            "id": 225,
            "type": "regular"
        },
        {
            "id": 226,
            "type": "two-tone"
        },
        {
            "id": 227,
            "type": "regular"
        },
        {
            "id": 228,
            "type": "regular"
        },
        {
            "id": 229,
            "type": "regular"
        },
        {
            "id": 230,
            "type": "regular"
        },
        {
            "id": 231,
            "type": "regular"
        },
        {
            "id": 232,
            "type": "two-tone"
        },
        {
            "id": 233,
            "type": "two-tone"
        },
        {
            "id": 234,
            "type": "two-tone"
        },
        {
            "id": 235,
            "type": "two-tone"
        },
        {
            "id": 236,
            "type": "two-tone"
        },
        {
            "id": 237,
            "type": "two-tone"
        },
        {
            "id": 238,
            "type": "two-tone"
        },
        {
            "id": 239,
            "type": "two-tone"
        },
        {
            "id": 240,
            "type": "two-tone"
        },
        {
            "id": 241,
            "type": "regular"
        },
        {
            "id": 242,
            "type": "two-tone"
        },
        {
            "id": 243,
            "type": "two-tone"
        },
        {
            "id": 244,
            "type": "two-tone"
        },
        {
            "id": 245,
            "type": "two-tone"
        },
        {
            "id": 246,
            "type": "two-tone"
        },
        {
            "id": 247,
            "type": "regular"
        },
        {
            "id": 248,
            "type": "regular"
        },
        {
            "id": 249,
            "type": "two-tone"
        },
        {
            "id": 250,
            "type": "regular"
        },
        {
            "id": 251,
            "type": "two-tone"
        },
        {
            "id": 252,
            "type": "two-tone"
        },
        {
            "id": 253,
            "type": "regular"
        },
        {
            "id": 254,
            "type": "two-tone"
        },
        {
            "id": 255,
            "type": "two-tone"
        },
        {
            "id": 256,
            "type": "regular"
        },
        {
            "id": 257,
            "type": "two-tone"
        },
        {
            "id": 258,
            "type": "two-tone"
        },
        {
            "id": 259,
            "type": "regular"
        }
    ],
    "shops": [
        {
            "name": "body",
            "resequencing_lag": 0
        },
        {
            "name": "paint",
            "resequencing_lag": 10
        },
        {
            "name": "assembly",
            "resequencing_lag": 0
        }
    ]
}