{
    "parameters": {
        "two_tone_delta": 23,
        "resequencing_cost": 10000
    },
    "constraints": [
        {
            "max_vehicles": 2,
            "cost": 5000,
            "id": 1,
            "window_size": 3,
            "vehicles": [
                3,
                6,
                7,
                17,
                18,
                19,
                21,
                23,
                24,
                26,
                27,
                28,
                29,
                30,
                31,
                33,
                35,
                36,
                37,
                39,
                40,
                43,
                44,
                45,
                49,
                50,
                51,
                54
            ],
            "type": "rolling_window",
            "shop": "assembly"
        },
        {
            "max_vehicles": 5,
            "cost": 2000,
            "id": 2,
            "window_size": 9,
            "vehicles": [
                3,
                6,
                17,
                18,
                23,
                26,
                27,
                28,
                29,
                30,
                31,
                33,
                35,
                37,
                40,
                43,
                45,
                51,
                54
            ],
            "type": "rolling_window",
            "shop": "assembly"
        },
        {
            "max_vehicles": 5,
            "cost": 700,
            "min_vehicles": 1,
            "id": 3,
            "vehicles": [
                1,
                2,
                3,
                4,
                5,
                7,
                8,
                9,
                10,
                12,
                14,
                15,
                17,
                18,
                19,
                21,
                22,
                24,
                25,
                26,
                28,
                29,
                30,
                31,
                32,
                34,
                35,
                37,
                38,
                40,
                41,
                42,
                43,
                47,
                48,
                49,
                51,
                54
            ],
            "type": "batch_size",
            "shop": "body"
        },
        {
            "max_vehicles": 3,
            "cost": 6000,
            "id": 4,
            "window_size": 5,
            "vehicles": [
                3,
                6,
                7,
                17,
                18,
                19,
                21,
                23,
                24,
                26,
                27,
                28,
                29,
                30,
                31,
                33,
                35,
                36,
                37,
                39,
                40,
                43,
                44,
                45,
                49,
                50,
                51,
                54
            ],
            "type": "rolling_window",
            "shop": "assembly"
        },
        {
            "max_vehicles": 1,
            "cost": 5000,
            "id": 5,
            "window_size": 10,
            "vehicles": [
                28,
                40
            ],
            "type": "rolling_window",
            "shop": "assembly"
        },
        {
            "max_vehicles": 3,
            "cost": 4000,
            "id": 6,
            "window_size": 6,
            "vehicles": [
                3,
                14,
                17,
                18,
                23,
                26,
                31,
                33,
                37,
                43,
                45,
                51,
                54
            ],
            "type": "rolling_window",
            "shop": "paint"
        },
        {
            "max_vehicles": 3,
            "cost": 300,
            "id": 7,
            "window_size": 5,
            "vehicles": [
                1,
                4,
                5,
                7,
                9,
                10,
                11,
                12,
                13,
                15,
                16,
                19,
                20,
                21,
                23,
                36,
                38,
                41,
                44,
                45,
                46,
                47,
                48,
                50,
                52,
                53
            ],
            "type": "rolling_window",
            "shop": "body"
        },
        {
            "max_vehicles": 1,
            "cost": 5000,
            "id": 8,
            "window_size": 3,
            "vehicles": [
                2,
                22,
                28,
                40,
                42,
                43
            ],
            "type": "rolling_window",
            "shop": "assembly"
        },
        {
            "max_vehicles": 1,
            "cost": 500,
            "id": 10,
            "window_size": 2,
            "vehicles": [
                11,
                16,
                23,
                36,
                44,
                45,
                50,
                53
            ],
            "type": "rolling_window",
            "shop": "body"
        },
        {
            "max_vehicles": 5,
            "cost": 4000,
            "id": 11,
            "window_size": 30,
            "vehicles": [
                3,
                6,
                18,
                24,
                25,
                31,
                33,
                54
            ],
            "type": "rolling_window",
            "shop": "paint"
        },
        {
            "max_vehicles": 1,
            "cost": 30000,
            "id": 12,
            "window_size": 2,
            "vehicles": [
                3,
                14,
                17,
                18,
                23,
                26,
                31,
                33,
                37,
                43,
                45,
                51,
                54
            ],
            "type": "rolling_window",
            "shop": "assembly"
        },
        {
            "max_vehicles": 1,
            "cost": 5000,
            "id": 14,
            "window_size": 3,
            "vehicles": [
                16,
                23,
                36,
                44,
                50,
                53
            ],
            "type": "rolling_window",
            "shop": "assembly"
        },
        {
            "max_vehicles": 2,
            "cost": 2000,
            "id": 15,
            "window_size": 4,
            "vehicles": [
                3,
                6,
                8,
                16,
                20,
                22,
                23,
                25,
                27,
                28,
                29,
                30,
                32,
                40,
                42,
                45,
                47,
                53,
                54
            ],
            "type": "rolling_window",
            "shop": "assembly"
        },
        {
            "cost": 2000,
            "partition": [
                [
                    3,
                    6,
                    18,
                    24,
                    25,
                    31,
                    33,
                    54
                ],
                [
                    32,
                    37,
                    41,
                    46,
                    49,
                    51,
                    52
                ],
                [
                    2,
                    5,
                    7,
                    13,
                    14,
                    19,
                    26,
                    29,
                    39
                ],
                [
                    1,
                    4,
                    9,
                    10,
                    11,
                    12,
                    20,
                    21,
                    22,
                    23,
                    27,
                    28,
                    34,
                    36,
                    38,
                    40,
                    42,
                    43,
                    44,
                    47,
                    48,
                    50
                ],
                [
                    53,
                    8,
                    17
                ],
                [
                    16,
                    30,
                    35
                ],
                [
                    15
                ],
                [
                    45
                ]
            ],
            "id": 16,
            "type": "lot_change",
            "shop": "paint"
        },
        {
            "max_vehicles": 5,
            "cost": 700,
            "min_vehicles": 1,
            "id": 17,
            "vehicles": [
                11,
                16,
                23,
                36,
                44,
                45,
                50,
                53
            ],
            "type": "batch_size",
            "shop": "body"
        },
        {
            "max_vehicles": 1,
            "cost": 70000,
            "id": 18,
            "window_size": 2,
            "vehicles": [
                3,
                8,
                11,
                11,
                16,
                16,
                22,
                23,
                23,
                28,
                30,
                35,
                36,
                36,
                40,
                43,
                44,
                44,
                45,
                45,
                50,
                50,
                53,
                53
            ],
            "type": "rolling_window",
            "shop": "assembly"
        },
        {
            "max_vehicles": 5,
            "cost": 5000,
            "id": 19,
            "window_size": 12,
            "vehicles": [
                3,
                6,
                8,
                13,
                14,
                17,
                18,
                24,
                25,
                26,
                29,
                31,
                32,
                33,
                37,
                41,
                45,
                46,
                49,
                51,
                52,
                53,
                54
            ],
            "type": "rolling_window",
            "shop": "paint"
        },
        {
            "max_vehicles": 15,
            "cost": 200,
            "id": 20,
            "window_size": 30,
            "vehicles": [
                3,
                6,
                8,
                13,
                14,
                17,
                18,
                24,
                25,
                26,
                29,
                31,
                32,
                33,
                37,
                41,
                45,
                46,
                49,
                51,
                52,
                53,
                54
            ],
            "type": "rolling_window",
            "shop": "paint"
        },
        {
            "max_vehicles": 1,
            "cost": 15000,
            "id": 21,
            "window_size": 2,
            "vehicles": [
                2,
                22,
                28,
                30,
                35,
                39,
                40,
                42,
                43,
                45
            ],
            "type": "rolling_window",
            "shop": "assembly"
        },
        {
            "max_vehicles": 1,
            "cost": 20000,
            "id": 22,
            "window_size": 4,
            "vehicles": [
                3,
                14,
                17,
                18,
                23,
                26,
                31,
                33,
                37,
                43,
                45,
                51,
                54
            ],
            "type": "rolling_window",
            "shop": "assembly"
        },
        {
            "max_vehicles": 1,
            "cost": 400,
            "id": 24,
            "window_size": 2,
            "vehicles": [
                2,
                22,
                28,
                30,
                35,
                39,
                40,
                42,
                43
            ],
            "type": "rolling_window",
            "shop": "body"
        },
        {
            "max_vehicles": 1,
            "cost": 15000,
            "id": 25,
            "window_size": 6,
            "vehicles": [
                24,
                34,
                36,
                44,
                49,
                50
            ],
            "type": "rolling_window",
            "shop": "assembly"
        },
        {
            "max_vehicles": 3,
            "cost": 5000,
            "id": 26,
            "window_size": 4,
            "vehicles": [
                3,
                6,
                7,
                15,
                16,
                17,
                18,
                19,
                21,
                23,
                24,
                26,
                27,
                28,
                29,
                30,
                31,
                33,
                35,
                36,
                37,
                39,
                40,
                43,
                44,
                45,
                49,
                50,
                51,
                53,
                54
            ],
            "type": "rolling_window",
            "shop": "assembly"
        },
        {
            "cost": 100,
            "partition": [
                [
                    53,
                    15
                ],
                [
                    45
                ],
                [
                    16,
                    30,
                    35
                ],
                [
                    2,
                    5,
                    7,
                    13,
                    14,
                    19,
                    26,
                    29,
                    32,
                    37,
                    39,
                    41,
                    46,
                    49,
                    51,
                    52
                ],
                [
                    1,
                    4,
                    8,
                    9,
                    10,
                    11,
                    12,
                    17,
                    20,
                    21,
                    22,
                    23,
                    27,
                    28,
                    34,
                    36,
                    38,
                    40,
                    42,
                    43,
                    44,
                    47,
                    48,
                    50
                ],
                [
                    3,
                    6,
                    18,
                    24,
                    25,
                    31,
                    33,
                    54
                ]
            ],
            "id": 27,
            "type": "lot_change",
            "shop": "paint"
        },
        {
            "cost": 10000,
            "partition": [
                [
                    3,
                    6,
                    18,
                    24,
                    25,
                    31,
                    33,
                    54
                ],
                [
                    45
                ],
                [
                    16,
                    30,
                    35
                ],
                [
                    2,
                    5,
                    7,
                    13,
                    14,
                    19,
                    26,
                    29,
                    32,
                    37,
                    39,
                    41,
                    46,
                    49,
                    51,
                    52
                ],
                [
                    53
                ],
                [
                    1,
                    4,
                    8,
                    9,
                    10,
                    11,
                    12,
                    17,
                    20,
                    21,
                    22,
                    23,
                    27,
                    28,
                    34,
                    36,
                    38,
                    40,
                    42,
                    43,
                    44,
                    47,
                    48,
                    50
                ],
                [
                    15
                ]
            ],
            "id": 29,
            "type": "lot_change",
            "shop": "paint"
        },
        {
            "max_vehicles": 1,
            "cost": 5000,
            "id": 32,
            "window_size": 3,
            "vehicles": [
                11,
                16,
                23,
                36,
                44,
                45,
                50,
                53
            ],
            "type": "rolling_window",
            "shop": "assembly"
        },
        {
            "max_vehicles": 1,
            "cost": 35000,
            "id": 34,
            "window_size": 3,
            "vehicles": [
                3,
                8,
                11,
                11,
                16,
                16,
                22,
                23,
                23,
                28,
                30,
                35,
                36,
                36,
                40,
                43,
                44,
                44,
                45,
                45,
                50,
                50,
                53,
                53
            ],
            "type": "rolling_window",
            "shop": "assembly"
        }
    ],
    "vehicles": [
        {
            "id": 1,
            "type": "regular"
        },
        {
            "id": 2,
            "type": "regular"
        },
        {
            "id": 3,
            "type": "two-tone"
        },
        {
            "id": 4,
            "type": "regular"
        },
        {
            "id": 5,
            "type": "regular"
        },
        {
            "id": 6,
            "type": "two-tone"
        },
        {
            "id": 7,
            "type": "regular"
        },
        {
            "id": 8,
            "type": "two-tone"
        },
        {
            "id": 9,
            "type": "regular"
        },
        {
            "id": 10,
            "type": "regular"
        },
        {
            "id": 11,
            "type": "regular"
        },
        {
            "id": 12,
            "type": "regular"
        },
        {
            "id": 13,
            "type": "two-tone"
        },
        {
            "id": 14,
            "type": "two-tone"
        },
        {
            "id": 15,
            "type": "regular"
        },
        {
            "id": 16,
            "type": "regular"
        },
        {
            "id": 17,
            "type": "two-tone"
        },
        {
            "id": 18,
            "type": "two-tone"
        },
        {
            "id": 19,
            "type": "regular"
        },
        {
            "id": 20,
            "type": "regular"
        },
        {
            "id": 21,
            "type": "regular"
        },
        {
            "id": 22,
            "type": "regular"
        },
        {
            "id": 23,
            "type": "regular"
        },
        {
            "id": 24,
            "type": "two-tone"
        },
        {
            "id": 25,
            "type": "two-tone"
        },
        {
            "id": 26,
            "type": "two-tone"
        },
        {
            "id": 27,
            "type": "regular"
        },
        {
            "id": 28,
            "type": "regular"
        },
        {
            "id": 29,
            "type": "two-tone"
        },
        {
            "id": 30,
            "type": "regular"
        },
        {
            "id": 31,
            "type": "two-tone"
        },
        {
            "id": 32,
            "type": "two-tone"
        },
        {
            "id": 33,
            "type": "two-tone"
        },
        {
            "id": 34,
            "type": "regular"
        },
        {
            "id": 35,
            "type": "regular"
        },
        {
            "id": 36,
            "type": "regular"
        },
        {
            "id": 37,
            "type": "two-tone"
        },
        {
            "id": 38,
            "type": "regular"
        },
        {
            "id": 39,
            "type": "regular"
        },
        {
            "id": 40,
            "type": "regular"
        },
        {
            "id": 41,
            "type": "two-tone"
        },
        {
            "id": 42,
            "type": "regular"
        },
        {
            "id": 43,
            "type": "regular"
        },
        {
            "id": 44,
            "type": "regular"
        },
        {
            "id": 45,
            "type": "two-tone"
        },
        {
            "id": 46,
            "type": "two-tone"
        },
        {
            "id": 47,
            "type": "regular"
        },
        {
            "id": 48,
            "type": "regular"
        },
        {
            "id": 49,
            "type": "two-tone"
        },
        {
            "id": 50,
            "type": "regular"
        },
        {
            "id": 51,
            "type": "two-tone"
        },
        {
            "id": 52,
            "type": "two-tone"
        },
        {
            "id": 53,
            "type": "two-tone"
        },
        {
            "id": 54,
            "type": "two-tone"
        }
    ],
    "shops": [
        {
            "name": "body",
            "resequencing_lag": 3
        },
        {
            "name": "paint",
            "resequencing_lag": 3
        },
        {
            "name": "assembly",
            "resequencing_lag": 0
        }
    ]
}